"","MAE","RMSE"
"1",14.0080801901469,17.9781832866768
"2",14.0951932188415,18.2316903394356
"3",13.6608424074529,17.6724528625829
"4",13.3419034255971,17.2839503783557
