"","MAE","RMSE"
"1",14.0735760043601,18.0651625575243
"2",14.0336780242538,18.1764268719919
"3",13.5812889796587,17.6415223910699
"4",13.342514450818,17.2849425581681
