"","MAE","RMSE"
"1",13.5806138524203,18.1615080355608
"2",13.3903814809247,18.0224959128139
"3",13.177342003513,17.8159206413258
"4",12.6214231466591,17.111468911476
