"","MAE","RMSE"
"1",13.0908531420765,16.9872120065932
"2",13.0009207650273,17.0212710379608
"3",12.6591004165461,16.6202595391748
"4",12.2058767564403,15.9936912881164
