"","MAE","RMSE"
"1",13.5806138524203,18.1615080355608
"2",13.3978661257856,18.0485220268725
"3",13.2872037461676,17.9843080253845
"4",12.9628373139109,17.4996086919839
