"","MAE","RMSE"
"1",12.7666448087432,16.7201567244593
"2",13.1396318306011,16.8875472148723
"3",12.9752149099141,16.7570544799572
"4",12.1944221311475,16.0529571375202
